'2605d30f-32a0-4d1a-9327-598ee1577d85';'Fantastic Concrete Gloves';'Ergonomic executive chair upholstered in bonded black leather and PVC padded seat and back for all-day comfort and support';'686.00';'24';'Computers'
'62954a51-7c21-4c59-a785-06a8f2796384';'Bespoke Fresh Salad';'The Nagasaki Lander is the trademarked name of several series of Nagasaki sport bikes, that started with the 1984 ABC800J';'330.00';'11';'Outdoors'
'c7e2139b-b2df-4496-818f-0271a64e0966';'Electronic Wooden Bike';'Ergonomic executive chair upholstered in bonded black leather and PVC padded seat and back for all-day comfort and support';'740.00';'08';'Grocery'
'9b2795c9-a010-4cba-a5a5-bf0cca520db5';'Unbranded Metal Car';'The Apollotech B340 is an affordable wireless mouse with reliable connectivity, 12 months battery life and modern design';'448.00';'54';'Electronics'
'eb82b173-ffc1-4731-a999-092fa375375e';'Sleek Wooden Mouse';'Carbonite web goalkeeper gloves are ergonomically designed to give easy fit';'842.00';'79';'Garden'
'79cee30d-970a-4be7-9e23-0dc523789e24';'Awesome Concrete Pants';'Carbonite web goalkeeper gloves are ergonomically designed to give easy fit';'442.00';'19';'Automotive'
'bae29ef8-3540-41b8-a464-11d213bc046c';'Tasty Fresh Pizza';'Andy shoes are designed to keeping in mind durability as well as trends, the most stylish range of shoes & sandals';'491.00';'74';'Beauty'
'fb7de8d1-9ba8-426d-9736-abe61b886ddb';'Awesome Fresh Pants';'Ergonomic executive chair upholstered in bonded black leather and PVC padded seat and back for all-day comfort and support';'541.00';'68';'Music'
'93d032e7-349b-49c1-83ce-9e92a38511b5';'Handmade Fresh Hat';'New range of formal shirts are designed keeping you in mind. With fits and styling that will make you stand apart';'633.00';'42';'Industrial'
'eda869d8-33d5-4184-a4e9-38ce2012b93d';'Unbranded Wooden Towels';'New range of formal shirts are designed keeping you in mind. With fits and styling that will make you stand apart';'360.00';'94';'Grocery'
'a4bf7582-425e-49c6-aa1e-231ce8c99921';'Handcrafted Concrete Mouse';'Andy shoes are designed to keeping in mind durability as well as trends, the most stylish range of shoes & sandals';'764.00';'37';'Music'
'fd4d4cc3-9aad-4701-bbb2-a5b480b6614b';'Bespoke Cotton Hat';'Boston\'s most advanced compression wear technology increases muscle oxygenation, stabilizes active muscles';'323.00';'39';'Kids'
'7714cc73-bfa8-4cdc-9347-7f48d3c5558f';'Handcrafted Steel Hat';'Andy shoes are designed to keeping in mind durability as well as trends, the most stylish range of shoes & sandals';'973.00';'82';'Games'
'4b785ce8-d99b-44ae-8bd5-a4dd72d9cf87';'Bespoke Steel Shoes';'The Football Is Good For Training And Recreational Purposes';'246.00';'92';'Clothing'
'be57f54d-d0fb-40e3-b2b0-81872a8ba66e';'Handmade Rubber Computer';'The Apollotech B340 is an affordable wireless mouse with reliable connectivity, 12 months battery life and modern design';'639.00';'84';'Home'
'e0d1243d-de3e-4e1c-a51f-4a154ce0c3ea';'Recycled Rubber Tuna';'The Apollotech B340 is an affordable wireless mouse with reliable connectivity, 12 months battery life and modern design';'287.00';'42';'Movies'
'62f30721-e956-418d-8a1b-19818dbb028d';'Small Steel Pizza';'The Apollotech B340 is an affordable wireless mouse with reliable connectivity, 12 months battery life and modern design';'88.00';'63';'Grocery'
'fd7ec55b-62ec-43c6-9aa8-338747a4da18';'Tasty Soft Hat';'The beautiful range of Apple Naturalé that has an exciting mix of natural ingredients. With the Goodness of 100% Natural Ingredients';'103.00';'73';'Health'
'f1880fcb-cecf-4184-8341-84c8be02c4ce';'Tasty Concrete Soap';'The slim & simple Maple Gaming Keyboard from Dev Byte comes with a sleek body and 7- Color RGB LED Back-lighting for smart functionality';'711.00';'46';'Games'
'1f31e254-42d4-447a-aa92-ba3ee98ecf0a';'Awesome Wooden Bacon';'The automobile layout consists of a front-engine design, with transaxle-type transmissions mounted at the rear of the engine and four wheel drive';'444.00';'38';'Jewelery'
'c77dc0bc-d593-4a89-8a79-0c0eaad0b7e8';'Incredible Cotton Towels';'Ergonomic executive chair upholstered in bonded black leather and PVC padded seat and back for all-day comfort and support';'568.00';'46';'Grocery'
'8cf34d10-0383-479d-86e8-c1f41e4a6b8d';'Generic Wooden Shirt';'The automobile layout consists of a front-engine design, with transaxle-type transmissions mounted at the rear of the engine and four wheel drive';'839.00';'01';'Home'
'2903aa90-db10-47c4-a75d-0b3c5eb03838';'Refined Metal Table';'New range of formal shirts are designed keeping you in mind. With fits and styling that will make you stand apart';'162.00';'22';'Industrial'
'3cf4ef4c-0f68-49a1-828c-a49f890f5f47';'Handcrafted Bronze Hat';'The slim & simple Maple Gaming Keyboard from Dev Byte comes with a sleek body and 7- Color RGB LED Back-lighting for smart functionality';'755.00';'50';'Tools'
'c8dd26ea-0af1-436d-8cd8-8f664c246760';'Refined Frozen Bacon';'The Nagasaki Lander is the trademarked name of several series of Nagasaki sport bikes, that started with the 1984 ABC800J';'904.00';'79';'Automotive'
'0a8a2e18-6385-4fd2-957c-9f374cb989a9';'Oriental Fresh Shoes';'The beautiful range of Apple Naturalé that has an exciting mix of natural ingredients. With the Goodness of 100% Natural Ingredients';'297.00';'30';'Games'
'6b2bcc08-48f2-4f51-951c-50606469d976';'Ergonomic Fresh Shoes';'Ergonomic executive chair upholstered in bonded black leather and PVC padded seat and back for all-day comfort and support';'768.00';'00';'Grocery'
'60038f12-d47a-45c2-8123-09e004c5258b';'Gorgeous Wooden Cheese';'Boston\'s most advanced compression wear technology increases muscle oxygenation, stabilizes active muscles';'833.00';'24';'Home'
'94726266-35ac-41ec-9482-bba239d18437';'Electronic Soft Shoes';'Boston\'s most advanced compression wear technology increases muscle oxygenation, stabilizes active muscles';'819.00';'34';'Baby'
'683da9cb-9d99-4fce-8091-29b4afe2a849';'Generic Cotton Keyboard';'The beautiful range of Apple Naturalé that has an exciting mix of natural ingredients. With the Goodness of 100% Natural Ingredients';'875.00';'90';'Home'
'32959f32-0058-4a36-b9dd-1ee857d736d1';'Awesome Bronze Computer';'Carbonite web goalkeeper gloves are ergonomically designed to give easy fit';'662.00';'48';'Health'
'6a06c1e7-08f1-4d0a-ac41-0efe63a8204f';'Generic Soft Chair';'Boston\'s most advanced compression wear technology increases muscle oxygenation, stabilizes active muscles';'389.00';'47';'Garden'
'9f54c12b-69e5-468b-ac7b-1cb3ea9a083a';'Fantastic Frozen Table';'The beautiful range of Apple Naturalé that has an exciting mix of natural ingredients. With the Goodness of 100% Natural Ingredients';'998.00';'67';'Jewelery'
'cc9c4411-33f3-42ec-a82d-d5ea78e8ab6a';'Rustic Steel Bike';'New range of formal shirts are designed keeping you in mind. With fits and styling that will make you stand apart';'615.00';'67';'Movies'
'45c2f4c6-7be5-48d3-a330-f562acf59928';'Tasty Steel Chicken';'The automobile layout consists of a front-engine design, with transaxle-type transmissions mounted at the rear of the engine and four wheel drive';'329.00';'01';'Movies'
'd26584ab-c216-4226-b8a2-ceff021da5cf';'Ergonomic Metal Towels';'The beautiful range of Apple Naturalé that has an exciting mix of natural ingredients. With the Goodness of 100% Natural Ingredients';'447.00';'65';'Games'
'05c44c77-1f0b-4884-b31e-680e5693f78b';'Elegant Concrete Shoes';'The slim & simple Maple Gaming Keyboard from Dev Byte comes with a sleek body and 7- Color RGB LED Back-lighting for smart functionality';'496.00';'87';'Electronics'
'395e2699-9551-4ae3-ae01-164beeb79cfc';'Intelligent Frozen Car';'Boston\'s most advanced compression wear technology increases muscle oxygenation, stabilizes active muscles';'501.00';'40';'Health'
'344999ef-6f1d-48e7-aa1f-7143fc069297';'Elegant Concrete Car';'New ABC 13 9370, 13.3, 5th Gen CoreA5-8250U, 8GB RAM, 256GB SSD, power UHD Graphics, OS 10 Home, OS Office A & J 2016';'545.00';'32';'Beauty'
'e4667c06-9f4d-44ab-9896-58f82cf7e910';'Modern Frozen Pizza';'New ABC 13 9370, 13.3, 5th Gen CoreA5-8250U, 8GB RAM, 256GB SSD, power UHD Graphics, OS 10 Home, OS Office A & J 2016';'695.00';'86';'Baby'
'ecc7d182-a3db-48a3-9e33-5354886a7ba9';'Luxurious Frozen Chicken';'Carbonite web goalkeeper gloves are ergonomically designed to give easy fit';'330.00';'44';'Grocery'
'e5147506-a97c-45dd-860c-e3b17be1b18c';'Practical Plastic Sausages';'New ABC 13 9370, 13.3, 5th Gen CoreA5-8250U, 8GB RAM, 256GB SSD, power UHD Graphics, OS 10 Home, OS Office A & J 2016';'903.00';'62';'Garden'
'713afc82-8350-48f2-a374-4233d7330df1';'Fantastic Concrete Bike';'The Apollotech B340 is an affordable wireless mouse with reliable connectivity, 12 months battery life and modern design';'652.00';'83';'Books'
'f4f9204b-4008-4b01-a5c9-5c8399d2ed3e';'Unbranded Metal Keyboard';'The beautiful range of Apple Naturalé that has an exciting mix of natural ingredients. With the Goodness of 100% Natural Ingredients';'592.00';'77';'Baby'
'f9ccafba-28c2-4550-8003-120179ee3153';'Sleek Frozen Hat';'The automobile layout consists of a front-engine design, with transaxle-type transmissions mounted at the rear of the engine and four wheel drive';'193.00';'05';'Kids'
'7297af4b-09a4-4fb4-b052-537a28c3ec88';'Modern Bronze Shoes';'The Football Is Good For Training And Recreational Purposes';'372.00';'05';'Toys'
'1e87866a-e9c7-4078-ac92-be3f4565ab61';'Unbranded Frozen Chair';'Carbonite web goalkeeper gloves are ergonomically designed to give easy fit';'643.00';'53';'Clothing'
'4ac7eccf-810f-4a14-b426-0a9c95885426';'Refined Soft Hat';'Andy shoes are designed to keeping in mind durability as well as trends, the most stylish range of shoes & sandals';'189.00';'47';'Music'
'7ac3c051-1a02-4a98-91fb-32d7e67f7484';'Practical Concrete Pants';'The Apollotech B340 is an affordable wireless mouse with reliable connectivity, 12 months battery life and modern design';'272.00';'25';'Kids'
'17338c8d-b521-4c30-9b8e-14766134b8a7';'Handmade Concrete Car';'Ergonomic executive chair upholstered in bonded black leather and PVC padded seat and back for all-day comfort and support';'426.00';'71';'Shoes'
'b7c3532d-20f6-4e96-827d-9918a6585562';'Practical Cotton Chips';'The beautiful range of Apple Naturalé that has an exciting mix of natural ingredients. With the Goodness of 100% Natural Ingredients';'303.00';'32';'Sports'
'bb19bd4e-404f-45d5-a2a9-3384a309a09f';'Electronic Fresh Table';'Ergonomic executive chair upholstered in bonded black leather and PVC padded seat and back for all-day comfort and support';'751.00';'07';'Music'
'b6db9653-b3ab-4be8-94e3-a314b560b963';'Practical Fresh Tuna';'The beautiful range of Apple Naturalé that has an exciting mix of natural ingredients. With the Goodness of 100% Natural Ingredients';'378.00';'00';'Computers'
'9ff1ed09-3c9c-4fb7-90a1-d95ceb019301';'Bespoke Concrete Ball';'New ABC 13 9370, 13.3, 5th Gen CoreA5-8250U, 8GB RAM, 256GB SSD, power UHD Graphics, OS 10 Home, OS Office A & J 2016';'452.00';'60';'Beauty'
'36ab3aa6-0bd8-41b3-b9db-8654d1446479';'Tasty Rubber Sausages';'New ABC 13 9370, 13.3, 5th Gen CoreA5-8250U, 8GB RAM, 256GB SSD, power UHD Graphics, OS 10 Home, OS Office A & J 2016';'19.00';'07';'Jewelery'
'dce47b80-5d97-4d36-986e-f8d076ae2711';'Elegant Steel Sausages';'The Football Is Good For Training And Recreational Purposes';'685.00';'48';'Garden'
'42b07cfb-d2b1-49f1-8ec3-b50db18f7401';'Luxurious Concrete Bacon';'Carbonite web goalkeeper gloves are ergonomically designed to give easy fit';'946.00';'30';'Outdoors'
'6aa476d7-0286-4cb7-8da6-061b4b86ba2a';'Bespoke Frozen Keyboard';'Ergonomic executive chair upholstered in bonded black leather and PVC padded seat and back for all-day comfort and support';'711.00';'87';'Sports'
'7fe232ef-7c7b-4eb6-b52d-0479d4f76686';'Handcrafted Fresh Shoes';'Boston\'s most advanced compression wear technology increases muscle oxygenation, stabilizes active muscles';'519.00';'72';'Automotive'
'53b20c69-bdd3-405d-b0cb-b2f50dad4cf6';'Handcrafted Frozen Table';'The Nagasaki Lander is the trademarked name of several series of Nagasaki sport bikes, that started with the 1984 ABC800J';'882.00';'70';'Toys'
'2dc185b2-d9dd-4066-9837-2b975f95cbe0';'Gorgeous Fresh Fish';'New ABC 13 9370, 13.3, 5th Gen CoreA5-8250U, 8GB RAM, 256GB SSD, power UHD Graphics, OS 10 Home, OS Office A & J 2016';'368.00';'40';'Music'
'50c61a16-f625-49ef-9fbb-02fa97f29101';'Luxurious Cotton Chips';'The automobile layout consists of a front-engine design, with transaxle-type transmissions mounted at the rear of the engine and four wheel drive';'252.00';'58';'Grocery'
'77a65f4e-fc09-4417-b4f4-01c898540248';'Luxurious Fresh Pants';'Boston\'s most advanced compression wear technology increases muscle oxygenation, stabilizes active muscles';'342.00';'02';'Automotive'
'a290ecba-773a-4230-86ff-42cfc1030823';'Refined Frozen Pants';'The beautiful range of Apple Naturalé that has an exciting mix of natural ingredients. With the Goodness of 100% Natural Ingredients';'70.00';'09';'Toys'
'f33f184e-73a5-4ec6-a938-fca8e014d2c1';'Intelligent Rubber Computer';'The beautiful range of Apple Naturalé that has an exciting mix of natural ingredients. With the Goodness of 100% Natural Ingredients';'670.00';'16';'Sports'
'78c2cb07-112e-4bd0-ae4c-3b3a0214f5dd';'Luxurious Fresh Computer';'The Nagasaki Lander is the trademarked name of several series of Nagasaki sport bikes, that started with the 1984 ABC800J';'560.00';'11';'Beauty'
'e3606db1-a2be-46c2-914b-d072ca0b08c8';'Fantastic Steel Cheese';'The Apollotech B340 is an affordable wireless mouse with reliable connectivity, 12 months battery life and modern design';'755.00';'42';'Industrial'
'67280fcb-09aa-438c-b658-09a34e50785b';'Tasty Concrete Cheese';'The Nagasaki Lander is the trademarked name of several series of Nagasaki sport bikes, that started with the 1984 ABC800J';'198.00';'48';'Home'
'cd089076-ed3e-45f7-bfd2-30a8f07b6665';'Unbranded Granite Gloves';'The slim & simple Maple Gaming Keyboard from Dev Byte comes with a sleek body and 7- Color RGB LED Back-lighting for smart functionality';'658.00';'68';'Books'
'5127a921-e8e3-4008-a450-16191b65f249';'Tasty Concrete Bacon';'The Football Is Good For Training And Recreational Purposes';'262.00';'89';'Home'
'b567b313-963b-4d70-a39c-a4a9d8b7c900';'Awesome Steel Table';'Andy shoes are designed to keeping in mind durability as well as trends, the most stylish range of shoes & sandals';'636.00';'08';'Home'
'3ac32bff-610f-4498-8282-7296214de039';'Generic Soft Keyboard';'The Apollotech B340 is an affordable wireless mouse with reliable connectivity, 12 months battery life and modern design';'234.00';'23';'Garden'
'f84c71fa-05ab-4d56-9fa5-4e6c40125ac1';'Licensed Fresh Towels';'Ergonomic executive chair upholstered in bonded black leather and PVC padded seat and back for all-day comfort and support';'349.00';'82';'Garden'
'2c27dd94-77b0-4fb3-8a9a-86e36ea66f19';'Practical Steel Chicken';'New ABC 13 9370, 13.3, 5th Gen CoreA5-8250U, 8GB RAM, 256GB SSD, power UHD Graphics, OS 10 Home, OS Office A & J 2016';'22.00';'98';'Shoes'
'575dd085-e90d-4fd2-ad12-69306126a6f0';'Awesome Plastic Computer';'The Apollotech B340 is an affordable wireless mouse with reliable connectivity, 12 months battery life and modern design';'280.00';'05';'Games'
'6836e76b-ac29-4b0c-92ef-2ed730f8cd6e';'Bespoke Metal Shirt';'The beautiful range of Apple Naturalé that has an exciting mix of natural ingredients. With the Goodness of 100% Natural Ingredients';'80.00';'58';'Outdoors'
'3eee416b-2427-4c9b-a8fa-d35b867b3b36';'Recycled Metal Towels';'New range of formal shirts are designed keeping you in mind. With fits and styling that will make you stand apart';'288.00';'00';'Electronics'
'7f9905ef-bb17-4bdf-8dac-d9769c5485bc';'Luxurious Plastic Table';'Carbonite web goalkeeper gloves are ergonomically designed to give easy fit';'156.00';'79';'Shoes'
'3ce9bb8f-ae48-454e-9695-75f67a83641e';'Generic Concrete Tuna';'The Nagasaki Lander is the trademarked name of several series of Nagasaki sport bikes, that started with the 1984 ABC800J';'816.00';'61';'Computers'
'902b1b40-51d6-489b-ba90-69eaeb85ab01';'Refined Steel Hat';'Andy shoes are designed to keeping in mind durability as well as trends, the most stylish range of shoes & sandals';'738.00';'52';'Music'
'bbb9b0c1-be8d-42ee-8f02-6423ba057f65';'Recycled Steel Salad';'The Nagasaki Lander is the trademarked name of several series of Nagasaki sport bikes, that started with the 1984 ABC800J';'615.00';'90';'Clothing'
'd9b69eb7-d5f1-4c4c-97d4-5ef2ce8449e3';'Electronic Wooden Tuna';'The beautiful range of Apple Naturalé that has an exciting mix of natural ingredients. With the Goodness of 100% Natural Ingredients';'70.00';'26';'Garden'
'0b0b669f-4f73-47b7-abf6-af1d37b4be66';'Tasty Granite Keyboard';'New ABC 13 9370, 13.3, 5th Gen CoreA5-8250U, 8GB RAM, 256GB SSD, power UHD Graphics, OS 10 Home, OS Office A & J 2016';'250.00';'95';'Movies'
'892174c3-157a-4890-b3b6-2e771aa1d708';'Bespoke Fresh Salad';'The beautiful range of Apple Naturalé that has an exciting mix of natural ingredients. With the Goodness of 100% Natural Ingredients';'21.00';'83';'Health'
'1bc31c1d-eb74-4756-b29a-0063ae6d5d17';'Recycled Plastic Chips';'The Nagasaki Lander is the trademarked name of several series of Nagasaki sport bikes, that started with the 1984 ABC800J';'74.00';'02';'Health'
'2578e01c-8ccc-4816-a16c-10632eaffd46';'Luxurious Soft Computer';'New range of formal shirts are designed keeping you in mind. With fits and styling that will make you stand apart';'85.00';'74';'Computers'
'6f6a537a-435b-4222-be36-f9fffad54a6a';'Incredible Wooden Shirt';'Ergonomic executive chair upholstered in bonded black leather and PVC padded seat and back for all-day comfort and support';'114.00';'26';'Industrial'
'93dd9ee6-95fa-4189-b869-22acd14890ee';'Sleek Wooden Sausages';'The Apollotech B340 is an affordable wireless mouse with reliable connectivity, 12 months battery life and modern design';'371.00';'65';'Home'
'2ce8259f-7cf3-43ad-94f4-2bc757b1b4f9';'Awesome Granite Chair';'The slim & simple Maple Gaming Keyboard from Dev Byte comes with a sleek body and 7- Color RGB LED Back-lighting for smart functionality';'871.00';'03';'Home'
'645528d9-2ae9-4835-8c6e-d0b4dd6f32b6';'Luxurious Cotton Ball';'The beautiful range of Apple Naturalé that has an exciting mix of natural ingredients. With the Goodness of 100% Natural Ingredients';'147.00';'64';'Games'
'8fe6949a-606b-4f3c-ad50-99c22016fde3';'Unbranded Frozen Bacon';'The automobile layout consists of a front-engine design, with transaxle-type transmissions mounted at the rear of the engine and four wheel drive';'779.00';'51';'Baby'
'5dcf107c-d0c8-4923-b4ff-3fde94f59e4a';'Practical Plastic Shoes';'Carbonite web goalkeeper gloves are ergonomically designed to give easy fit';'13.00';'26';'Games'
'8a040ca1-dbc0-422e-80e8-20bd8951035e';'Handmade Concrete Mouse';'New ABC 13 9370, 13.3, 5th Gen CoreA5-8250U, 8GB RAM, 256GB SSD, power UHD Graphics, OS 10 Home, OS Office A & J 2016';'431.00';'82';'Computers'
'195325ef-c73d-45b0-acd2-cfaab03b6e48';'Elegant Granite Soap';'The Apollotech B340 is an affordable wireless mouse with reliable connectivity, 12 months battery life and modern design';'438.00';'07';'Garden'
'fb0817a7-6b78-420e-911f-da2d721a2cdd';'Oriental Cotton Table';'Andy shoes are designed to keeping in mind durability as well as trends, the most stylish range of shoes & sandals';'325.00';'20';'Beauty'
'2d8c5594-ffb9-4252-9465-628b85e331de';'Incredible Cotton Chips';'Andy shoes are designed to keeping in mind durability as well as trends, the most stylish range of shoes & sandals';'866.00';'84';'Kids'
'599c6a85-74ac-4a2b-b67d-c2427a0b85e0';'Fantastic Steel Chicken';'The Apollotech B340 is an affordable wireless mouse with reliable connectivity, 12 months battery life and modern design';'133.00';'01';'Home'
'13899f1c-fa7e-4dee-a527-f5b62a9bf847';'Elegant Bronze Car';'Andy shoes are designed to keeping in mind durability as well as trends, the most stylish range of shoes & sandals';'949.00';'19';'Electronics'
'0c8c2ac8-a62a-4885-800f-e13e8e618103';'Handmade Plastic Pizza';'The slim & simple Maple Gaming Keyboard from Dev Byte comes with a sleek body and 7- Color RGB LED Back-lighting for smart functionality';'173.00';'60';'Tools'
'0b9af68c-2314-4f86-9f63-4d72531ac9b7';'Electronic Wooden Hat';'Carbonite web goalkeeper gloves are ergonomically designed to give easy fit';'673.00';'51';'Garden'